packet_size,inter_arrival_ms,distinct_ports,auth_failures,dns_label_len,tcp_flag_score,label
609.4317728123652,95.69868715118474,2,0,5,0,0
534.060277232895,115.3168733981868,3,0,13,2,0
528.8877799509037,101.37943509815398,3,0,16,2,0
636.4092882169311,76.34054333794569,1,0,9,0,0
622.3044030567804,138.95516573787938,2,0,19,0,0
611.8082984449076,86.10304186643397,2,0,4,2,0
586.3650461047553,89.36185037006763,2,0,12,2,0
476.28924692011526,102.64807369825924,4,0,6,2,0
590.9578374048724,129.96265022921165,1,0,14,2,0
713.6900225794532,103.64825736272682,3,0,11,2,0
549.6425967154775,88.15731999810552,1,0,13,2,0
557.7662020060158,90.74616756966138,3,0,18,0,0
647.8824777023182,105.44688198503391,2,0,4,2,0
662.1972438943607,121.56374818907136,3,0,14,1,0
637.5880089735853,63.41838034098855,2,0,10,0,0
600.7438096624406,105.3707666971259,4,0,11,1,0
529.504036890613,129.83414416655427,3,0,7,1,0
655.9658825004798,77.68558777921838,2,0,7,0,0
555.0847469496899,106.36509281030425,2,0,7,1,0
541.9516857604596,103.93962148476736,2,0,9,1,0
612.4718363825904,117.53128402513738,3,0,4,1,0
608.808078873624,79.93035876993264,2,0,11,0,0
587.5156686221429,87.26337584387484,3,0,4,2,0
636.0166433040519,116.20185668344041,2,0,15,0,0
577.7549575518747,87.53764222768065,3,0,5,1,0
644.1434824065428,85.98314523670936,3,0,5,0,0
574.3103564589318,98.85035225731158,5,0,20,2,0
561.9708763182889,100.30496745296252,3,0,8,1,0
595.3985730116461,108.72138527986115,3,0,8,2,0
592.0018886577083,87.43810273822487,2,0,6,1,0
641.9242769665979,98.15133046594646,2,0,17,1,0
630.3765858380223,103.52450426368742,2,0,19,2,0
632.7094494010832,71.92495517313913,2,0,10,1,0
589.0467683595992,106.68750636712647,2,0,17,0,0
588.575201284357,113.89120789833628,3,0,17,0,0
628.8653469660999,114.7165498287349,1,0,20,2,0
558.201789873951,80.10443146010249,1,0,7,0,0
630.4349511939348,80.81407379675764,3,0,6,2,0
539.1096300314874,80.41175126108917,3,0,17,0,0
671.5790003772088,123.03414755050034,4,0,5,1,0
522.2396939901441,113.82975217398256,3,0,4,1,0
585.2148314530584,135.01151776479395,2,0,5,0,0
641.6069549764743,93.43009973093173,1,0,19,1,0
592.9213503025763,116.9078462639558,3,0,13,0,0
654.2776766283007,99.86017300654603,5,1,5,1,0
639.5415216465361,146.87746406226006,3,0,13,0,0
606.5205739355949,104.513055794328,4,0,19,2,0
650.0176543638572,88.51160862718253,2,0,10,1,0
688.8331663637218,93.49078273826774,2,0,15,1,0
638.2469796228993,82.86284508107822,3,1,12,0,0
552.3981206314669,79.14321248031274,3,0,5,0,0
636.4065800154409,102.24833030021662,2,0,8,2,0
612.5816223165223,38.30022996883132,3,0,19,1,0
578.3696428495568,103.16306470436561,2,0,17,0,0
551.4910315152083,102.72711694245874,2,0,8,2,0
492.3561943229946,117.79687624901868,2,0,16,2,0
461.5625594070551,108.96414995535204,5,0,11,0,0
613.2423912992679,70.37278312202045,1,0,13,2,0
580.870261823037,109.21401168407724,3,0,14,2,0
676.9631578526285,78.87247124124329,2,0,17,1,0
684.2474641041263,110.26989025627317,3,0,14,0,0
607.1058626354585,139.46726117410964,0,0,17,1,0
634.6089826690747,119.45185771608112,3,0,4,2,0
600.8027628927024,114.24577843334436,2,0,12,2,0
509.9503830378301,94.0711904003115,3,0,14,1,0
579.87351198163,105.12262608494159,3,0,14,1,0
664.151092105019,115.19097660410665,1,0,9,2,0
562.4294482243747,82.2005412960468,2,0,20,1,0
513.0500238170123,87.07144828060763,3,0,4,0,0
722.8507626705705,79.14644848438871,2,0,19,1,0
609.6394804999779,111.23430154988714,1,0,8,2,0
521.5544641903423,105.98351439930697,3,0,12,0,0
448.1990576003004,67.45131858789888,1,0,6,2,0
527.6567500408595,109.81421320066144,1,0,10,2,0
608.920152681505,97.94387757847807,2,0,7,0,0
679.0986785642399,76.37136791208124,3,0,19,2,0
552.7008644909895,113.78963250671374,2,1,5,0,0
609.4880139889206,104.56274083561077,4,0,5,1,0
612.5725015179637,122.76180131649258,1,0,17,1,0
655.7113859579409,108.31340773885915,3,0,5,0,0
656.9347866002769,100.2363371612885,3,0,14,2,0
618.716512053392,133.579362930988,2,0,7,2,0
693.7503358626551,60.52082622925028,1,0,14,0,0
595.2593660863621,86.66920417910163,3,0,10,1,0
597.6178119881541,150.59815227567793,3,0,10,0,0
620.632543738948,120.19315813116407,2,0,20,0,0
709.9293880689405,85.67800499218075,3,0,10,2,0
444.84895748864403,128.33393376418383,4,1,19,0,0
677.9904892612681,87.29346249954654,1,0,14,1,0
668.797969906243,104.21428475294796,0,1,15,0,0
651.6809072084897,108.4029753264369,4,0,19,1,0
559.9870447946197,84.71366862647216,4,0,14,2,0
593.8313099318225,111.90089073601722,2,0,14,1,0
620.3442893991612,117.23527553819817,4,0,18,1,0
618.1708210689849,74.33374734391916,3,0,12,1,0
495.3716783414403,73.01056218224446,1,0,4,0,0
531.8916280306627,116.57020473693116,2,0,13,1,0
491.27506957384566,101.01437449898873,1,0,8,2,0
789.2324280306465,63.38280485723257,2,0,4,0,0
604.8847928632676,114.75833694851497,5,0,7,1,0
576.4068815407488,105.16413911411698,3,0,20,2,0
682.1868161308038,142.16899768178436,2,1,5,0,0
584.8635623597897,83.49129442528289,5,0,7,0,0
648.3039948953544,78.72359975306381,3,0,16,0,0
534.3544955241148,63.51251002492765,2,0,18,2,0
486.3782659867617,101.00607893245159,3,0,18,0,0
578.1890547577121,122.57756695353831,2,0,18,2,0
622.2712843158896,119.64590349017242,1,0,20,1,0
553.1017762322575,136.85212539096577,3,1,20,1,0
602.8352188782814,79.98612331532091,1,0,8,2,0
568.6098487303723,91.08105676997934,3,0,18,0,0
507.2241957029388,90.96489398228131,2,0,16,1,0
559.43950548743,65.5067701666479,2,0,7,2,0
570.0552942770223,104.29609097492724,1,0,9,1,0
460.09571619451856,54.393837138134195,3,0,20,2,0
603.8491997640388,121.58588910044769,3,0,13,2,0
528.7047559348978,104.75165180924319,2,0,18,2,0
504.82481546788006,91.40287606744674,1,0,15,0,0
534.836388162563,104.78724800499315,3,0,6,0,0
636.2484286627764,93.6467305157906,3,0,16,0,0
672.5730069204889,108.98913352782864,2,0,6,0,0
624.3190272453404,93.56481444291603,1,0,17,0,0
617.4354025820356,102.36078169413878,2,0,20,1,0
552.0540536995917,90.35393384439683,3,1,7,2,0
578.7314527894563,82.44681524189265,3,1,18,2,0
522.6619400373158,114.92027348183657,1,0,20,1,0
660.7968960082408,100.60390110429657,2,0,5,1,0
653.0833682876713,110.22313157054974,1,0,12,0,0
645.9096003876862,98.94799679109941,2,0,20,0,0
559.9163846380306,121.30520944239358,2,0,14,2,0
673.7673340099858,99.50134145968,1,0,19,1,0
612.454410644928,124.1854303242032,2,0,20,0,0
576.8779232645804,79.07486289611325,2,0,15,1,0
638.3403723341683,104.32245500904534,2,0,9,1,0
602.0556174089463,92.04619147562374,1,0,18,1,0
569.1655854339023,133.65543894957284,2,0,6,2,0
710.3004117414714,95.35907127637739,4,0,20,2,0
679.439525101976,123.87698438782157,1,1,13,0,0
523.0394404470032,114.93597049413228,3,0,20,2,0
642.7326218315608,76.72678203078002,3,0,4,2,0
564.3869949272404,118.57844911511292,4,0,7,0,0
664.7643781507411,92.10153697417064,3,1,10,1,0
622.3007412715092,105.57511989974881,3,0,9,2,0
568.9200849807472,112.0033472487867,3,0,15,2,0
591.452833446687,90.88218506620457,0,0,13,0,0
595.6280851365806,88.47112958073917,2,0,16,2,0
603.9671694079544,108.49806873894472,2,0,13,2,0
719.2114700232044,78.04914723036353,2,0,14,0,0
496.98046974551886,83.09572495140343,2,0,14,0,0
587.6537795813149,108.44976755445134,2,0,18,0,0
630.3167547896285,96.48012801986899,3,0,6,1,0
529.6065450049249,108.64920560705272,3,0,6,0,0
602.621260964359,118.96298538795605,3,0,7,0,0
485.0361889883339,94.67447028988192,4,0,18,0,0
698.4328100478223,93.47096704384974,1,0,10,1,0
597.9702531844364,93.33219045433258,3,0,6,1,0
572.2600425820267,107.92947338086061,2,0,5,0,0
703.6430719632618,113.69826546909948,4,0,11,0,0
605.0907103680238,98.93320844760672,4,0,20,2,0
703.8501368580298,113.26714356833112,4,0,11,2,0
572.5618197547534,78.48558406405627,3,0,12,2,0
601.8909744033837,120.48343993793122,3,0,7,1,0
684.0437575764349,106.36066967088134,5,0,16,1,0
590.5831725598605,98.61033668227671,3,1,10,0,0
451.23524427392044,136.57368905136244,4,0,20,0,0
670.641798196563,94.96797734473397,1,0,19,1,0
538.8969033689949,121.53554035022614,2,0,19,1,0
630.3416135131793,120.70468661040539,3,0,9,2,0
577.4335890307962,87.94780981429913,1,0,5,1,0
685.7556458379978,89.39124889505686,1,0,11,0,0
492.4306819755552,117.51416002505222,3,0,20,0,0
665.4964368803733,92.18656982158396,3,0,6,1,0
587.5906535196382,110.44974256195886,4,1,20,1,0
669.551929891415,110.64424696480968,3,0,17,1,0
625.1330999856859,118.21559491712257,2,0,8,2,0
537.3782508028894,103.38001149650049,3,0,14,2,0
521.8220646510537,100.39096450355554,2,0,15,0,0
623.4003556472105,116.40414845528784,3,1,9,0,0
679.3411193129673,107.51613874117992,3,0,10,0,0
681.7581816762678,106.8155909573795,3,0,17,2,0
564.9802297207793,107.58331255183066,3,0,7,2,0
667.9548074116519,44.4642027554753,2,0,8,0,0
531.0006858359106,133.92513470761597,3,0,8,1,0
532.8877104852618,92.16325265170543,3,0,16,2,0
582.7587062734665,64.29991787230009,2,0,10,0,0
535.385652625942,88.34582487371965,2,0,8,2,0
571.8915390775393,74.17621758299572,3,0,15,1,0
651.6821388275238,88.47643384153649,3,0,11,2,0
595.4579837611286,122.95374515959115,4,0,10,2,0
606.8062136721862,107.14698394945373,5,0,17,2,0
528.496878822039,118.4906070371514,1,0,10,1,0
515.0709480429433,122.7590005047,3,0,4,1,0
679.2429604559412,130.72128693755496,2,0,16,1,0
648.2997288578973,89.13893551653632,2,0,19,1,0
570.7596035001843,71.9933584816861,4,0,16,2,0
572.3489965181743,144.90440466949207,2,0,12,2,0
530.2345394069714,70.48636444379262,3,0,19,2,0
450.3642060195676,99.97196210462013,3,0,15,1,0
618.090288179275,125.42496811271798,3,0,17,1,0
544.1364264983353,70.40404139129711,2,0,18,1,0
648.000520875547,127.443831032054,4,0,7,1,0
648.173062452337,108.80083227506249,3,0,15,2,0
493.2952232140425,93.98192678911913,3,0,4,0,0
540.3476581776572,100.26346160464821,3,0,8,1,0
609.6636309108151,109.78527971690882,3,0,17,1,0
628.3801480959171,122.40294833563615,4,0,9,1,0
645.9619325148749,118.79766152449167,3,1,10,2,0
621.4157877650747,87.54026381509675,2,0,16,0,0
592.6109578818396,147.38964363242982,4,0,9,2,0
597.37485638018,124.0658135787466,3,0,14,0,0
559.1630586843924,91.34991301592682,4,0,9,1,0
652.8074650147705,129.21319050630072,3,0,18,0,0
465.40691894038537,104.76759626700107,3,1,10,1,0
585.115999990615,84.27793227665796,2,1,16,1,0
570.3534671606577,98.87937886236931,4,0,20,1,0
644.9911185530234,82.13606415004836,2,0,13,0,0
641.2604175828405,115.25531311783267,2,0,19,0,0
625.831995693474,68.98559017207,2,0,20,1,0
578.5615635322853,85.29303909856779,3,0,6,1,0
574.7699968358248,63.33295123503194,3,0,18,1,0
592.4029726723554,121.03395912261016,3,0,19,0,0
586.7665120960665,113.280199728382,2,0,13,0,0
460.98354035900206,107.65352787200902,3,0,17,0,0
659.9787617864097,102.25945167867826,4,0,16,1,0
612.4497353089724,84.52867867690736,3,0,15,1,0
607.1222981408303,105.25819943698627,2,0,15,2,0
664.3197744955506,99.18370032454291,3,0,18,1,0
575.9740269424075,137.77632394026162,4,0,8,1,0
637.1162677027771,91.73494576290008,1,0,19,0,0
536.888286321279,97.44015231615685,3,0,7,0,0
582.1527519329021,113.84673905738094,3,0,7,1,0
653.7537375815477,104.34361985256712,4,0,14,1,0
513.5572423108055,111.63075858150118,3,0,12,1,0
637.5587440203088,68.49521432446825,4,1,20,2,0
584.7235551815971,93.22995266811353,2,0,8,2,0
546.8215298805078,88.8229727198542,2,0,19,1,0
623.8747060802468,103.13593581477896,2,1,10,1,0
725.2035318387586,86.56116516752233,2,1,16,2,0
534.3046846193148,111.11657439781632,2,1,12,2,0
445.15547926710946,128.37542990442248,2,0,9,2,0
560.313015176478,126.52012003197696,5,0,7,1,0
593.9278144515102,86.71650617508932,2,1,19,0,0
624.1527281903979,106.55116244253536,2,0,18,1,0
580.2536440295386,130.34960892939614,3,0,12,0,0
717.8073113989227,82.19970459322698,2,0,15,1,0
718.127666558041,89.75194591671742,3,0,5,0,0
553.0103585655501,99.10181171285731,2,0,8,1,0
610.510839940625,91.37535297406117,2,0,16,2,0
563.7151109048882,103.5398859943936,3,0,17,1,0
718.1650888412579,65.58206904284803,2,0,7,0,0
609.8961932589008,98.16006256664363,4,0,14,1,0
648.3869266122796,126.32394647767978,3,0,10,0,0
455.3561651442392,103.87582856397674,3,0,13,1,0
654.7874274449401,89.38721341646085,4,0,8,0,0
558.8596061338662,67.95736670955597,2,0,14,1,0
453.4991683538415,102.40415501925862,2,0,17,0,0
593.2976306837991,105.94372554317412,4,0,9,1,0
589.7576771915667,131.18346582801573,2,0,18,0,0
605.7464408224516,72.99908213732334,3,0,14,0,0
583.8787566493438,120.20815582057583,3,0,5,1,0
565.67262800683,105.93824921435667,1,0,15,2,0
575.2904484197469,99.88061282209807,3,0,12,1,0
643.7315721462269,105.66384258164462,3,0,12,1,0
562.3371307181336,100.1983095087164,2,1,9,1,0
497.34281057743544,71.61753959653493,2,1,5,0,0
518.7157561204979,97.0263509319865,3,0,11,2,0
571.0737043955728,89.4535978405689,3,0,10,0,0
626.4516805775903,138.1762932965017,2,0,19,0,0
514.8223080781943,59.80239041053561,2,0,13,0,0
635.6573924508807,128.63291508633978,2,1,15,1,0
601.7508779385556,93.04141667826691,4,0,16,1,0
611.5682937292689,75.61164184017969,3,0,19,0,0
597.2921455683966,108.89539452050163,1,1,11,0,0
572.3778608795708,91.62997419785559,4,0,14,2,0
629.8853675770466,105.92882615740005,2,0,7,2,0
514.5498983864892,80.71974874414285,4,0,6,2,0
601.7475721561677,82.46314747264685,0,0,6,1,0
605.0753431644434,62.96433997591472,2,0,5,1,0
599.5463039591777,91.71678970403433,2,0,4,2,0
625.5779983986934,82.94035024001016,4,0,8,2,0
573.8890210966742,82.19390376801837,3,0,15,1,0
563.4031491623705,109.09073564737919,2,0,5,2,0
632.5272270846287,127.06890578888971,3,0,10,0,0
608.0547551718035,104.28004541150881,3,0,14,1,0
637.7444609141967,76.38609327768116,4,0,6,2,0
674.650605151178,106.69202396531612,3,0,14,2,0
698.077219764226,83.01454905315956,4,0,20,1,0
582.3371788488397,105.22191299521124,3,0,6,0,0
630.6846885966715,87.63499746896402,3,0,10,2,0
598.9107614165869,111.37927452146604,6,0,13,2,0
646.9069747924065,78.05708613051792,2,0,12,1,0
522.4703090750313,131.91267248758993,1,0,9,0,0
576.1795914731567,97.99330817118978,2,1,18,0,0
616.7026470624492,101.02234362823151,2,1,13,0,0
660.2849732759673,138.5917697028682,1,1,16,1,0
698.9415313720949,63.50312347746503,1,1,20,2,0
665.6366760471126,63.717222962339434,2,1,12,1,0
447.47333519855783,108.3467635327249,4,1,11,1,0
596.171445443427,75.04653298909695,3,0,8,1,0
680.9067967493252,110.23563664702141,2,0,11,1,0
610.0421422220575,86.60884306434713,3,0,17,0,0
556.2510034153026,132.7890729660666,6,0,11,1,0
554.3544233749925,116.15586247596852,2,0,10,1,0
567.4834046131092,114.1315244006327,1,0,19,2,0
527.6285676785907,96.38764732378232,3,0,6,0,0
567.5527161745881,108.82032648430831,3,0,11,2,0
573.3960003985922,92.42283273112783,1,1,12,1,0
518.5206831945789,69.97475083430177,3,0,7,2,0
687.1950224291171,109.6125260320279,1,0,20,1,0
545.4842429006388,124.82347425136786,3,0,15,1,0
662.2501927624667,108.78246613736324,3,0,12,0,0
676.0124502366353,105.62697157405799,4,0,17,2,0
586.6704663907483,100.13721037656177,3,0,15,0,0
640.4801297567429,92.80185885270627,3,0,12,0,0
525.2572942394337,153.8448840899352,2,0,10,0,0
710.3519712708589,70.354542245255,3,0,7,0,0
659.3279319680572,114.14264012668382,2,0,20,0,0
642.8803183201045,73.91688432232036,3,0,7,0,0
547.2537017212426,42.07000952047862,1,1,20,0,0
595.4405771759616,76.74574221159125,2,0,6,1,0
552.6063301048724,90.73138899105201,3,0,9,0,0
636.6728128453817,131.14120140351324,3,0,11,2,0
478.9878384399816,96.89745165364668,2,1,16,2,0
574.0048179087106,133.35808150128,3,0,17,0,0
578.1145757570836,100.90564476076156,3,0,11,0,0
599.1540216167446,118.85132090604573,3,0,4,1,0
545.1755261305829,114.47751452661231,4,0,4,0,0
667.2555273641242,97.16449596836344,4,0,7,0,0
578.4842020991985,100.82874665769886,3,0,9,0,0
597.549375526591,67.16149771766749,3,0,18,2,0
633.7136768765234,109.71534390639383,3,0,15,0,0
633.3112785165846,111.20535846302754,2,0,20,0,0
664.217994190421,137.84355710208945,2,0,8,0,0
651.4025386106495,121.41818036113763,2,1,10,0,0
624.3905950387805,100.91326557699975,3,0,18,0,0
684.5506743160398,122.75079229066826,3,0,12,1,0
636.0397202784517,67.75778116039317,3,0,14,0,0
557.5940069661592,120.58717254857316,2,0,6,2,0
667.5487035914635,106.62022950051121,2,0,17,1,0
664.7404556284246,138.10717350404835,2,0,11,2,0
708.0382335431448,99.18712380788061,3,0,20,0,0
629.1554757019782,77.80137547939464,2,0,13,1,0
703.5748466099263,97.2846350480859,2,0,14,1,0
535.5871678398822,91.5222087576876,3,0,11,0,0
493.1999703991237,104.60473091640273,2,0,5,2,0
573.5408548617171,107.63326059667386,4,0,9,2,0
563.7451753800761,113.27601268887373,4,0,19,1,0
595.9071056649864,99.0618011255723,3,0,10,0,0
588.7199411776129,103.37128511809877,3,0,18,2,0
509.964313493854,101.10848920213328,3,0,18,0,0
645.2590131934718,107.1353828203954,4,1,13,1,0
686.5796346930742,98.36055673005481,4,0,10,2,0
534.3888241832562,84.77411401183132,2,0,7,0,0
720.8907683917819,116.04493286083444,3,1,9,1,0
665.2827748370245,130.35587470963733,3,0,20,1,0
636.8060299448981,105.33507004219437,1,0,12,0,0
491.93838018822646,99.03368672400748,3,0,5,2,0
605.437622713589,43.30792642860377,4,0,9,1,0
653.2816112171938,84.29466349935505,4,1,14,2,0
538.181700165401,107.64399402810933,3,0,18,1,0
708.9285757923855,112.15227540830412,0,0,4,0,0
701.9203745445634,89.7816885225907,2,0,11,1,0
552.4283671208092,107.82684116824828,2,0,7,2,0
555.8021329758012,125.08883510430088,5,0,10,0,0
465.6896652576445,137.58450484425046,2,0,17,0,0
626.8399498467998,109.90895554034618,4,0,5,1,0
565.3509134548756,129.5474354710782,3,0,19,2,0
684.0917170026241,106.89432788776861,3,0,17,2,0
591.6483356410649,88.38647274348853,3,0,8,1,0
548.168055777008,119.62271276857577,2,0,20,2,0
699.2119546219765,110.02206404780985,4,0,4,1,0
613.9702291290478,131.21206884421352,2,0,8,1,0
592.3792399975187,90.01018215285733,2,0,6,0,0
542.8842321786682,115.16746917736907,3,0,7,0,0
551.3246268879136,84.59173627413222,2,0,7,2,0
631.6041354883661,137.6049300432545,3,0,5,0,0
595.5942786421626,76.54716175910066,4,1,20,2,0
589.7092846654917,106.31961928862964,4,0,13,1,0
731.9078307534744,72.87284554505169,3,0,4,2,0
573.2659892518824,98.62185385044377,2,0,20,2,0
557.1485889149579,80.58359492373191,2,0,19,1,0
649.2468934192719,92.78837184900283,2,0,10,0,0
696.7042094932337,131.90051671413727,3,1,12,1,0
574.301401490102,116.84645455002082,2,0,6,2,0
626.0194465409445,107.28934281506612,2,1,6,1,0
516.5039256555326,109.96791090335519,2,0,19,2,0
712.5998592208497,95.26267576131502,2,0,8,2,0
597.9189700081993,112.8249664691966,4,0,16,1,0
677.7821413058713,101.5531171761636,5,0,10,2,0
501.4480899660765,103.93424336278859,2,1,9,2,0
525.3464180674206,44.1534029340167,3,0,15,0,0
526.4191406725696,98.0041646421672,4,0,20,1,0
578.1004268646856,90.14351155826579,3,0,15,1,0
503.62893439103135,157.08604675750155,3,0,4,0,0
565.816589447796,99.84895877216138,1,0,17,2,0
570.916720689515,119.55581709532248,1,0,17,0,0
644.9902328477627,61.70065216748677,2,0,16,0,0
461.03607810143,93.53950567518223,1,0,12,1,0
560.99031466593,116.52645030324108,2,0,12,0,0
523.093888390915,42.56639678505752,2,0,7,1,0
458.6806144548033,127.44840566005774,4,0,13,0,0
595.2205504428343,95.10276938796989,3,0,14,2,0
549.6775017665011,124.80814568987708,1,0,14,0,0
503.9837888023507,102.49984492844854,2,0,17,2,0
646.2131307058065,117.45703543476321,3,1,4,0,0
675.14332166086,89.93559769255668,3,0,10,0,0
698.1197161722292,123.19071760088055,1,1,9,1,0
520.1395250440055,80.37504616118352,3,1,16,0,0
614.2925833607842,136.32844656516414,4,0,11,2,0
643.9120401119723,77.31928918963223,3,0,15,1,0
592.4259937304193,121.39559238352015,2,0,14,1,0
617.9340829239173,56.72858438671802,1,0,12,2,0
511.55582962803027,101.05657683933549,4,0,18,1,0
630.6894211915516,107.08903853353631,3,0,12,0,0
583.7163769459967,102.75713623379795,3,0,17,1,0
648.3360490520906,69.7371965903481,3,0,13,2,0
639.9758475691483,148.29590178834152,3,0,14,1,0
626.3503584434234,74.89060762484506,3,0,7,2,0
705.7379232282567,100.11984188687536,3,0,10,2,0
513.3053851617171,119.8027403451448,4,1,11,0,0
601.5202443336154,99.15341449360682,3,0,4,0,0
597.3991808119528,93.38973986671581,3,0,20,1,0
628.2182028179939,89.68396995700739,2,0,5,2,0
658.8650892932978,76.67593719860596,4,0,20,1,0
594.6959578215607,113.31199039733043,1,0,17,1,0
519.4717219402476,88.42156980889982,3,0,5,0,0
618.9534498363524,112.65425944293872,1,1,12,0,0
555.5244406612809,119.70252497015046,1,0,16,0,0
530.8200035009843,103.6442336159884,3,0,19,1,0
663.8836281486448,74.30328603946884,1,0,5,0,0
572.251058503411,111.08309015067594,0,1,7,2,0
636.2654629933095,135.31378298388495,4,0,12,0,0
562.2155182063261,75.86671828999945,4,0,6,2,0
605.8091271627147,112.59608020147527,2,0,19,0,0
490.664176271639,122.56340451284218,2,0,20,0,0
656.1932710646141,102.69908594246967,1,0,14,2,0
708.3838203089393,73.19227579167855,1,0,7,2,0
659.8705758083619,117.12704646003999,4,0,19,1,0
545.983601065302,97.86337211207773,2,0,17,1,0
638.9781660863629,117.23772023945776,3,0,5,0,0
558.0231021182625,106.80889431239244,1,0,16,1,0
552.2489901835586,99.98448347868464,3,0,13,0,0
645.582873494772,113.97033000305701,3,0,10,1,0
640.0949677143938,77.7565737969744,2,0,17,2,0
663.7962796466151,116.61660180590725,3,0,9,2,0
607.30461603127,106.85936146674783,4,0,7,0,0
677.3098195665464,115.982671574663,1,0,9,0,0
628.2529567203496,113.5670054628917,3,0,19,0,0
639.7066148057866,77.57007828937932,1,1,20,2,0
658.4193881561738,79.32158886548484,1,0,10,2,0
529.4262910485976,88.73066925802527,2,1,12,2,0
565.9938462698886,103.5497245685732,2,1,11,0,0
545.1151064731267,117.4076684366338,2,0,9,2,0
550.0356772459511,122.44813550772787,4,0,7,0,0
671.5634892118444,72.62579687936521,3,1,15,1,0
537.1926817854213,117.71412326469807,2,0,7,1,0
650.6245153077128,117.08870387710621,0,0,20,1,0
664.7141329453692,90.79752303233398,1,0,15,1,0
643.8380538861546,134.6767329465855,2,0,13,0,0
596.3888880768334,87.62308581406619,2,0,9,0,0
558.3687881887406,90.83412714056452,3,0,13,1,0
630.7746438907576,94.51523324537229,4,0,20,0,0
701.6598525096738,126.3785515347682,3,0,11,2,0
592.0839229183744,107.58401391682077,3,0,16,2,0
653.6690890054751,88.7810549559677,2,0,16,0,0
641.8355337081739,112.88231053068706,3,0,13,1,0
625.5661857847226,107.86715337513269,2,0,15,1,0
530.3682742754714,57.75460112139706,1,0,10,1,0
523.7787397665019,83.58938231856246,1,1,14,0,0
649.8171302200094,115.04713153254745,3,0,18,0,0
574.5217299345278,95.07453155007451,2,0,7,1,0
549.3224462962185,59.19702364248658,3,0,16,1,0
556.0508698900197,116.94973326843393,3,0,19,2,0
540.9797581464317,83.00302876810997,2,1,11,2,0
570.3592504482575,115.91309253971097,3,0,17,2,0
626.6838573622576,98.96616598942923,2,0,9,1,0
605.8721650827738,97.28934767118989,2,0,10,0,0
604.2847729932491,108.72230492838024,4,0,17,2,0
679.1052185760997,107.98730015742012,3,0,18,2,0
595.3315502666853,86.87013944959926,2,0,11,0,0
553.9991078880654,93.65466597196979,0,0,4,2,0
551.510031009282,106.05650940759793,3,0,6,2,0
601.2185426280494,87.03397820842443,4,0,15,2,0
640.6072565719979,102.48760703288328,4,0,7,0,0
635.6622532471857,91.78016034736916,1,0,12,2,0
554.1463502051221,106.1352414536214,2,0,5,0,0
610.8624117953495,106.09743906767989,2,0,15,0,0
511.93947039526523,87.16934335950432,2,0,19,1,0
528.1675640142515,72.69334499796224,2,1,18,0,0
654.7324806810826,100.02477130585422,2,0,11,2,0
724.0421581766456,53.802329359283114,3,0,10,0,0
498.51086285716684,96.70675238200846,2,0,5,2,0
587.4250235169625,75.51240639851822,3,0,17,2,0
529.9046302106124,106.75257688282782,3,0,7,0,0
480.5016651652021,110.8849062281246,2,0,19,0,0
625.773575975108,115.621457691019,3,0,18,0,0
577.6225562894427,126.97106396988372,1,0,12,1,0
643.9587581783741,103.4070229878806,2,0,5,2,0
621.9244352844788,89.04239096344385,2,0,12,2,0
552.5692033061675,139.9352560513789,3,0,19,0,0
626.8352128740385,114.81843041318147,1,0,18,0,0
720.6377291166406,152.9674132700158,2,0,8,1,0
611.8462421869335,113.05680185467216,4,0,16,2,0
565.9179640044064,94.8825352294914,4,0,17,0,0
572.1286176965726,115.61673220669567,4,0,15,2,0
547.1804001063664,95.58915731116382,3,0,19,1,0
691.367510979431,107.64818865270928,3,1,12,0,0
629.0216400724871,117.9467872038577,3,0,8,0,0
512.3732200955623,109.67981305065244,2,0,19,0,0
615.9566198286402,108.59560692888253,4,0,15,1,0
612.8211368003937,91.0463078335681,2,0,16,2,0
630.5337089243624,64.1929616937482,3,0,19,1,0
575.0847582329252,111.29695874900445,2,0,17,0,0
629.163848733575,86.99421738711152,3,1,16,0,0
582.1394634604528,84.5430394274141,0,0,5,2,0
553.5877013478079,141.2101452794671,3,0,8,1,0
601.7726242087675,94.88156203628857,2,0,15,0,0
608.7865209469305,52.14196131639132,5,1,13,0,0
536.1415316681079,119.96062135690516,1,0,20,2,0
602.2687979349976,106.9453732031271,0,0,18,1,0
589.1913431880382,103.65300417928523,3,0,11,1,0
655.3386200598544,130.81214500116448,3,0,5,0,0
557.5215057034931,74.07986265411725,2,0,13,1,0
498.5720017976281,124.47220068697966,3,0,5,2,0
518.7981877640262,96.85272861897265,2,0,9,0,0
564.2153881961364,87.36477884915658,1,0,17,1,0
499.5056323449973,101.12376162530494,4,0,9,0,0
659.6821969888863,127.60789525842779,3,0,5,1,0
693.1409442556514,110.36215269091726,3,0,12,1,0
656.8090878957194,98.45916616228516,2,0,13,2,0
668.09746856138,118.47954841269964,1,1,4,0,0
709.4857738998551,121.07370868241357,2,0,15,2,0
617.2699910531278,108.11697034198008,2,0,20,0,0
534.8989539508755,109.93450537035845,1,0,6,2,0
501.8851598900463,100.47660093896506,2,0,7,0,0
595.6344114202872,134.61167522621903,3,0,5,2,0
623.5100662565014,108.16542417133032,5,0,12,2,0
585.8757961731304,109.32286666946648,2,1,17,1,0
665.6106120424586,86.787942414338,3,0,13,2,0
660.7440169729456,115.49430351371326,3,0,11,2,0
721.6065874182311,105.5881914908831,4,0,10,1,0
575.6674042725467,91.63745467996888,2,0,14,0,0
707.7273524079953,80.37773726045265,1,0,14,0,0
556.9972834101836,77.54381963313492,2,0,7,0,0
701.7999801661051,95.80867209106037,3,0,13,0,0
596.4584442519932,105.32750932358584,2,0,9,1,0
598.360957268267,92.21873943375513,0,0,15,0,0
563.03130892173,114.65475949906622,1,0,16,2,0
599.6748451778133,109.58566463065394,1,0,18,2,0
581.756609517919,94.5597158218791,3,0,18,0,0
505.1582039497157,114.1161185038923,3,0,19,2,0
604.6159310887859,96.41734069906413,1,0,18,2,0
566.7682279380319,99.04731246002797,1,0,9,1,0
666.9948143830998,90.8697909271446,2,0,15,1,0
605.0742683298222,99.63656026448423,2,0,10,0,0
632.7619524043749,67.66567838044323,3,0,14,1,0
611.0080681782717,73.1960972733134,3,0,10,2,0
656.8324791718992,79.84719159512959,4,0,9,1,0
601.633927052136,120.80535200586479,2,0,18,0,0
537.8596824735105,97.13660093687461,1,0,12,1,0
564.5854277287531,113.1180174180664,4,0,17,0,0
711.6760382309095,113.71805708814271,3,0,6,0,0
657.2541578873166,130.28076439363113,3,1,19,1,0
485.0522660836851,113.75056399693158,2,0,15,1,0
556.5773248702181,127.9640404838705,4,0,7,2,0
616.4245691066052,116.6445210210444,2,0,9,2,0
579.6482410773357,62.58264924252623,3,0,12,0,0
492.7670694418519,123.93114313052398,4,0,13,1,0
595.4873793666878,98.93427031331926,2,0,10,2,0
478.35962660825237,134.3815638378905,4,0,17,0,0
536.4657898071637,128.79499696676342,4,0,4,2,0
603.9077331709302,122.84088890286546,1,0,20,2,0
560.4703698335941,107.35300540170611,2,0,9,0,0
571.1071801148464,75.67278195872909,2,0,5,1,0
626.9700305132953,101.20384029018213,2,0,15,1,0
564.633370453608,119.06925520925058,1,0,4,0,0
579.5825997296657,128.16703083947357,4,1,19,0,0
677.4608195493621,81.55517299065012,3,0,16,2,0
553.3246280745159,138.74679157432655,3,1,13,2,0
605.9701642149262,97.63757126204274,4,1,9,1,0
539.6221266085117,96.438485351978,3,0,13,1,0
483.97974710663703,102.07469435784535,2,0,8,2,0
656.7512480638845,85.80938030554164,3,0,14,2,0
739.807260003218,73.31578336505679,3,1,4,1,0
605.3742971083228,92.36817282993826,1,1,5,1,0
577.4582332383022,103.16602838962935,3,0,20,1,0
632.1645606103942,111.51064014392598,2,0,6,2,0
439.32355725289943,131.53905244166148,3,0,12,1,0
685.4053694730871,127.16371981367408,5,0,7,2,0
610.994570480643,76.15509037169642,2,1,8,0,0
601.4792813920872,101.10893840055583,2,0,19,2,0
550.2736162302904,94.90529871887686,3,0,18,0,0
552.8237186630762,81.86893736635972,2,0,17,0,0
569.5481639476592,92.42336057078917,2,0,8,0,0
440.48570319627515,111.72323350317609,2,0,8,0,0
490.16063953282156,69.54944742982772,2,0,17,0,0
609.2832386354066,115.31237015297768,3,0,19,2,0
597.5110275160328,120.7460700882564,3,0,5,2,0
610.7677649835884,98.46027883125127,2,0,17,2,0
554.1936190279915,113.58622169424015,2,0,15,2,0
599.3596486443661,113.99322807282167,3,0,6,0,0
600.4013408882341,82.0197584392397,2,0,17,2,0
600.5239864953836,85.41178150526731,3,0,6,2,0
646.8644783726822,129.48561018408196,1,0,10,1,0
579.9693390613045,131.8524851344366,4,1,10,0,0
564.3850986467328,73.48121132667646,2,0,16,1,0
633.4291506703124,94.50174962263324,3,0,17,0,0
517.9763639117866,94.50642971297493,4,0,13,1,0
548.8893921149446,102.92837455572372,3,0,13,1,0
546.3940928200986,115.07153104128265,4,0,13,2,0
602.830720966634,89.0232949957627,3,1,6,0,0
612.0883864859733,104.50901114910985,1,0,20,0,0
491.55891580898697,88.96042778814203,3,0,11,2,0
686.8424772684845,130.0640031128182,5,0,6,2,0
621.4597501826356,121.20621273827773,3,0,10,1,0
680.8040097223698,103.1265437156747,2,0,16,1,0
575.3710423845182,87.5003878216763,4,0,14,1,0
531.6469558913204,109.81162677861568,3,0,6,2,0
582.67783045397,100.56687533958197,3,0,5,2,0
675.1941215242022,88.33789401588787,2,0,20,1,0
535.8489482000421,73.56003868063297,1,1,20,0,0
641.4817631547016,107.9923282587305,2,0,16,1,0
616.3274352821647,97.25136724780448,3,0,7,0,0
617.5882672092376,95.92170969327894,2,1,5,0,0
642.5731949507293,109.15607788503836,4,0,7,0,0
602.6216169091572,64.36462735586686,4,0,8,0,0
562.5788311041233,99.4407091231505,1,0,11,1,0
696.5082614824682,66.92791870537482,2,0,20,0,0
568.6107037474122,76.64453111544842,3,0,14,1,0
526.5614009589358,90.30158854983469,4,0,16,0,0
559.7515839331435,76.44243765488369,1,0,9,1,0
618.1804967337092,96.91250322347119,1,0,18,2,0
684.2769482912436,113.81440639965233,3,0,16,2,0
563.0361279416828,113.97154555910377,3,0,7,2,0
619.5768458591767,104.37555222707749,3,0,16,2,0
493.8253354514291,86.95681593815752,3,0,16,2,0
673.9445270678241,128.91329162083116,2,0,10,0,0
538.2135122756548,117.58144841821118,2,0,18,0,0
664.5044054679604,95.70990996726087,4,0,15,0,0
588.3124880112128,116.20429365356532,4,0,7,2,0
670.572309701299,101.41644705865761,3,1,19,2,0
626.0496382291778,46.28322017973674,2,0,4,0,0
608.9072645695202,74.80521946436993,2,0,11,2,0
694.4302593033583,74.47241538068747,2,0,18,0,0
642.1418642294,98.54639316671344,1,0,10,1,0
622.2718238252526,120.41649576690199,3,0,4,1,0
521.3341540171302,79.62159747234973,4,0,16,0,0
652.372728370098,104.27824509713011,2,0,18,0,0
626.497825898815,107.24189478095317,3,0,11,2,0
545.8812200981657,105.08857883325446,5,0,13,0,0
689.7952776681892,78.51504738342145,4,0,20,1,0
520.0240298953498,129.0488015135167,4,0,13,2,0
601.8612956978549,109.14703449546876,3,0,18,0,0
655.9251520320015,76.72950065104267,1,1,19,0,0
531.692715475013,119.39058518694856,6,0,20,1,0
580.1756114997867,113.61760519040631,1,0,8,2,0
515.2289865924844,78.67622066417616,3,0,6,0,0
550.1064100902489,92.70669239054226,3,0,17,2,0
633.6757665205755,63.09433268500732,2,0,18,1,0
565.8252443687259,88.38039919371649,2,0,15,1,0
555.0402223520803,117.07232734714003,2,1,7,1,0
695.4658839805882,98.78534898951683,1,0,5,1,0
605.635278739396,93.08134765297365,3,0,7,2,0
461.5665746088082,83.2700501978724,4,0,8,1,0
462.84752329888494,92.81132319747368,4,0,11,2,0
602.4193378858872,93.56983284910336,4,1,14,2,0
527.2518715040201,75.49076080308006,4,0,14,1,0
628.5584364499189,115.23014590679443,0,0,18,1,0
659.8961571080363,93.21393977557815,2,0,5,2,0
610.2843560369203,101.9881192683964,2,0,5,0,0
583.9315925524709,95.89165694714822,3,0,20,2,0
647.3902746361442,134.45291072385686,2,0,16,0,0
621.6430961098658,129.49437861331137,3,1,17,2,0
621.4118045792825,100.19353926544258,3,0,16,1,0
613.1342820923447,125.9036153697101,2,0,16,2,0
651.4650253161338,123.4093865110332,2,0,14,1,0
580.3930380851148,117.62531086944408,1,0,18,2,0
535.909706633665,127.88790581558843,3,0,12,0,0
515.0764227672352,82.69300167906212,2,0,18,0,0
602.1133412132134,109.74813853734051,2,0,10,0,0
669.2870444042499,98.58696170231502,2,0,12,0,0
626.2916242128828,92.8176727610154,4,0,12,1,0
679.2019979804054,113.26454946627663,1,0,7,0,0
550.1982933009245,97.97014432329564,2,0,18,1,0
651.113133702235,156.74348994879486,3,0,9,2,0
515.9351730973609,101.60796100434598,2,0,11,1,0
558.8731331895167,91.85673687427615,1,1,19,1,0
595.284700067549,83.29678547857422,2,0,11,0,0
572.5404555823624,107.625648356223,1,0,15,1,0
562.2630396436496,105.28262616297108,1,0,16,0,0
536.2553107560891,112.23878963901151,5,0,15,1,0
593.9996621573968,75.03045641880017,1,0,8,1,0
573.66387684232,103.19524794949122,2,0,16,0,0
570.1451243370319,95.90979795591755,1,0,10,1,0
629.7860084591439,112.37484874294957,3,0,17,2,0
477.7693553862955,117.53358811185268,1,0,7,2,0
620.0154084680693,84.0448848289831,3,0,20,1,0
573.6904727786401,82.04579566225411,2,0,11,1,0
741.9997855018491,127.23338236688284,3,1,8,2,0
578.8401273335877,77.17475145145507,3,0,16,2,0
708.0484817483716,83.97147530693638,4,0,7,1,0
563.8426202446215,74.75563732328719,2,0,7,1,0
669.4744989067406,67.07662775779153,4,1,7,0,0
662.8282978076539,50.24476044872553,1,0,10,2,0
641.5028592313768,84.14503625718136,3,0,19,1,0
584.2631332203804,69.71550391862877,3,1,16,1,0
703.8646556680665,107.689649228012,3,0,16,0,0
628.0212532433936,128.68092608503895,3,0,4,0,0
558.9471028645269,104.58129060949524,2,0,15,2,0
669.5271994897431,93.58778773758938,1,0,15,2,0
622.9226039544567,86.70461840749255,2,0,10,1,0
589.606518195813,84.41282471145486,4,0,11,2,0
694.3474469214635,44.35689835596641,2,0,17,2,0
612.4031730592476,118.08309133169297,4,0,8,0,0
524.910926010124,118.63727586869052,1,0,9,1,0
613.1151958290936,110.0522916237125,3,0,4,1,0
681.1093944134018,117.41651704231951,3,0,15,2,0
576.3814259072703,106.22302027840152,4,0,4,0,0
526.3243048322001,105.2377632910614,2,0,9,2,0
568.0207407513641,118.91000013456788,3,0,18,0,0
538.0313262367627,124.99915998373173,3,0,7,1,0
698.3741987141162,124.79279460780728,2,0,17,0,0
539.069903262186,59.53870535052411,1,0,7,0,0
592.0219007144389,98.49529572737599,0,0,12,2,0
501.3936199514243,110.97899870912235,2,0,18,1,0
576.2202250366656,78.78449117841545,3,0,17,0,0
635.0347169376503,103.79685738238163,3,0,12,0,0
610.953975323066,88.46302074298058,3,0,7,0,0
515.5976456567546,96.64408752956639,3,0,20,0,0
511.4300437324227,119.01305817506494,1,0,20,0,0
539.3664562685855,88.06756241369825,4,0,18,1,0
713.0052079328362,81.6209197719495,3,0,14,1,0
659.880744397884,116.42686386819148,2,0,20,0,0
512.6327429095952,131.53680299836702,3,0,20,0,0
739.9489598243508,92.49460039482423,2,0,11,1,0
658.9322877976364,129.4452977870945,3,0,5,2,0
622.3479899978657,95.72347091995358,2,1,20,1,0
667.0066290697067,85.11369503681462,3,0,17,2,0
667.6872873604026,111.8545396704198,1,0,9,1,0
540.3043195093337,115.99222497737762,3,0,4,1,0
670.9095854923706,120.63296575936342,4,0,15,2,0
582.9444254268459,71.47496154279045,1,0,18,1,0
679.2098569977345,130.43461277901497,3,1,17,0,0
579.3846534706881,123.27059402601307,0,0,18,0,0
585.9103081256474,165.87742233987643,3,0,6,2,0
563.8901882607294,116.34424802633072,2,0,18,1,0
708.2331048395229,70.74427712479262,4,0,5,1,0
580.808057098713,106.4967422782603,3,0,6,1,0
524.7672520153258,74.90059332852141,1,0,18,1,0
640.6159096328162,111.49848262811449,3,0,15,1,0
582.8756747889796,94.4468410424366,3,0,4,0,0
608.5052264425938,116.09706846558467,2,0,10,2,0
538.7799098965356,89.18074352590625,2,0,4,0,0
703.5590274263103,119.1199486814728,3,0,11,0,0
624.6831429085787,94.0142852673216,3,0,4,1,0
459.37390349811017,71.1768061549747,2,0,14,1,0
738.414212243429,103.8392753915235,3,1,11,1,0
530.1134673260857,74.22307883829956,3,0,19,2,0
632.1604816993994,96.04631760905815,3,0,8,1,0
569.9075320410511,96.18221341680996,2,0,14,1,0
608.0424815192002,112.68420136180802,0,0,19,1,0
672.6234524012802,116.18793464716549,3,0,16,2,0
733.419936484987,135.27065895703538,3,0,19,2,0
533.9289210068624,121.70995541989038,2,0,13,0,0
486.8198282369244,46.9542107332437,3,0,8,0,0
567.9407617778174,76.52485957986319,4,0,13,0,0
663.875093451333,116.18237184172463,2,0,18,0,0
706.6907528456622,47.37702414557111,3,0,6,1,0
567.0419271932723,92.50069761183515,4,0,10,1,0
639.2451986108618,106.8109219161694,1,0,6,0,0
589.7324441199382,113.02959096572937,2,0,7,1,0
569.1326145453571,97.6924990146544,1,0,19,0,0
567.9685525336256,109.053420176321,2,0,5,1,0
684.9633070160612,83.9644670163986,3,0,17,0,0
674.4623749185075,76.69739518790954,3,0,15,0,0
630.8678465898261,82.84933802564808,2,0,7,1,0
648.3134518922463,129.06951900036216,3,0,4,1,0
620.0216571750839,94.40501756776796,4,0,14,2,0
616.0895367119897,102.97006952968486,3,0,18,1,0
590.7001625761408,76.91375634813852,1,1,10,1,0
564.0962850814909,120.97559189580889,3,0,7,1,0
675.5047594419199,99.80325698407312,1,0,17,1,0
570.9943802808095,102.46523936741158,4,1,12,1,0
756.443888696485,111.26914950761483,1,0,12,0,0
482.25353507865026,101.29396821126213,1,0,8,1,0
691.2790769691043,54.327473279577696,2,0,20,2,0
619.9552386767004,110.81627095156216,3,0,11,1,0
680.0723217018729,105.53576561775036,1,0,8,0,0
610.5218515654623,91.23724423867571,3,0,6,2,0
585.5623970226293,71.24210423872094,3,0,6,1,0
695.1894725765177,54.07758591471982,3,0,16,0,0
620.2279960720625,131.07832752371326,3,0,4,2,0
585.5415816669768,100.7803128191105,1,0,16,0,0
616.9433761251397,65.85716572143681,2,0,13,1,0
703.6634862392054,117.65364558010323,3,0,5,0,0
665.7649136246631,89.53455713935057,3,0,7,1,0
589.7808801692944,96.7423437489829,3,1,14,2,0
650.8622482785945,86.69682344967364,2,0,4,2,0
491.15743869829316,79.47607831837203,4,0,16,1,0
631.4989519782973,143.63917690069678,1,1,17,2,0
648.2907294036434,112.71650422800121,2,0,17,0,0
573.1689117817077,97.62870688490143,3,0,19,1,0
620.02613585938,130.54755457307778,2,0,20,1,0
574.2084570796551,116.50986905458763,2,0,4,1,0
537.5921102117874,97.6381736329396,4,0,6,1,0
518.7117474621277,118.01701103536509,4,0,17,2,0
587.2823532563671,75.76451416069865,3,0,13,2,0
557.6138923114489,88.93509758072226,4,0,11,0,0
548.6624532605877,89.5136698583485,2,0,13,2,0
613.8164091233837,124.74910493481741,3,0,14,0,0
616.3211700783758,136.8836090558215,2,0,9,1,0
508.87264141975106,117.350349446748,2,0,15,0,0
709.1550649470481,150.43091140237482,1,0,18,1,0
636.9323244537063,94.36960693954236,2,0,6,2,0
791.3517216157668,112.224883210145,3,0,8,2,0
556.2712525348383,105.25275322105743,3,0,12,0,0
601.8818776037094,68.63467543959099,2,0,20,1,0
529.7285220565577,111.09477448601204,3,0,12,0,0
568.7844928708807,141.92835064352136,3,0,20,0,0
528.3891279991925,119.71650801176756,2,0,15,2,0
624.337474301964,113.07310285671093,2,0,13,2,0
611.9811763426164,88.12165628956076,3,0,14,0,0
598.0762131626547,134.62216457068814,3,0,13,1,0
669.0159686793442,115.39301071188707,3,0,14,2,0
660.1156764746595,98.59343582243193,3,0,18,0,0
621.1473069844291,89.71129540423534,1,0,20,0,0
524.1931455026629,115.006343132508,3,0,14,0,0
692.3759785602291,85.56284645309205,2,0,16,0,0
621.4092243098312,80.6438457636182,1,0,10,0,0
593.1751228215052,102.40890331622185,2,0,19,2,0
567.1370327708584,107.02298483676866,3,0,19,0,0
619.7959445989613,83.00229664961888,3,0,7,0,0
642.4753215818671,138.92704871296965,4,0,14,2,0
524.9635588038082,107.07992164906996,3,0,11,2,0
588.3495082285754,109.44169933424362,2,0,14,0,0
620.4036890214121,69.12968865094768,3,0,11,0,0
710.323605506816,103.50583171415845,2,1,4,1,0
554.2860978341447,138.17332326610574,1,0,15,0,0
528.1742973103146,74.14878220959379,3,0,13,0,0
554.7411659875959,81.69667994840756,3,0,4,2,0
576.0724077964597,106.41505747293999,3,0,18,1,0
573.9627901322123,89.52487937813342,2,0,15,2,0
543.0985080508409,116.59273057437979,3,0,13,2,0
539.244977986042,128.717505506904,2,0,5,0,0
451.67981192986736,119.845616091249,1,0,15,2,0
594.9915254793508,129.27430576414358,2,0,11,2,0
654.3621510471569,108.7788898461459,2,0,20,1,0
710.1721469690841,103.74407322265367,1,0,15,0,0
538.32178163149,104.026542491352,2,0,4,0,0
612.9907254750351,102.37894929348988,3,0,18,1,0
658.931943328641,115.0548993870557,3,0,13,2,0
538.4135523859746,97.45901978268266,2,0,4,0,0
641.4640145579122,82.62844338314547,3,0,4,0,0
573.8668847272428,129.5689237444497,4,1,20,1,0
583.3432998974521,91.39387035616451,3,0,6,1,0
619.1934541546578,126.43082357634343,5,1,11,2,0
536.7378214556752,127.99922951545742,4,0,19,1,0
578.8069881171301,160.7587580814889,3,0,17,1,0
617.4299549935434,91.17238482492621,3,0,14,1,0
569.5008869483615,92.63232858611948,2,0,9,1,0
653.834856215577,92.2066345422631,0,0,8,1,0
605.2313329288447,102.00038438363569,3,0,10,2,0
536.8707740448209,101.68957878664716,3,0,16,2,0
517.6339915130653,102.3036837805497,1,0,13,1,0
591.9204673709215,111.31039958304363,3,0,13,2,0
609.7709794864986,74.81746866428189,4,0,20,2,0
608.6946045689297,86.50343462506585,2,0,6,2,0
564.4639698831743,57.00747841065233,1,0,4,2,0
584.7091966322954,110.59317062148486,2,1,19,0,0
592.1188264226978,98.62649695014987,2,1,19,1,0
481.8308447023186,110.24966361069383,2,0,19,2,0
517.5887439629269,130.4799317487574,3,0,18,0,0
641.2834027650584,99.60543829897958,3,0,5,0,0
662.2832498968079,122.40276199908904,4,0,18,2,0
720.786904076906,134.4982684737559,1,0,12,2,0
549.3274734681113,94.1056959944211,3,0,17,0,0
666.5725131302997,80.79938409540091,2,0,18,0,0
554.665876427811,100.8464933877862,3,0,10,1,0
598.7663676116059,115.29470388633858,1,0,17,1,0
593.8771545812446,109.59559845900768,3,0,5,2,0
659.2713371333344,83.9067174919618,2,0,9,0,0
628.2001928664578,79.5360056846302,3,1,9,1,0
630.225814445903,96.64134672415909,1,0,17,0,0
651.4535027601114,91.33778136149292,2,0,17,2,0
598.0651339893709,116.08324411257313,2,0,8,2,0
538.1987300855726,127.97988308765224,1,0,18,0,0
549.6755851007816,84.25306954074689,3,0,17,1,0
569.0506898354663,101.26402054388743,1,0,19,2,0
568.0286576619648,135.10227717622388,2,0,18,1,0
584.2014684823002,139.11930063489174,4,0,15,2,0
501.7626766765313,115.63266154710419,3,0,5,1,0
685.3490036351594,76.41670181440772,2,0,14,2,0
545.7260441671358,94.04180822713377,0,0,6,0,0
644.5542560123555,110.62677308769605,1,0,7,0,0
599.7042554040854,82.82910939655085,3,1,9,2,0
698.4028533774783,112.3227701761756,3,0,14,0,0
730.3782549602346,94.36840308750817,1,0,13,0,0
605.928173372221,61.020949523456395,2,0,14,1,0
508.335609792289,93.52087246613985,2,0,9,0,0
694.4795209103618,89.66334115341266,2,0,9,0,0
681.2375870646283,109.28499659857764,4,0,9,1,0
648.1567006185942,83.46087901592568,4,0,5,2,0
610.7724493741886,119.64347703352817,3,0,15,2,0
664.0634031097846,114.24687819450897,3,0,13,2,0
533.3429114631213,92.62271017141946,3,1,18,1,0
576.3234758679637,70.59101928157686,4,0,9,2,0
513.6140079630092,85.152394070811,3,0,16,0,0
724.4919504465543,98.0610209597548,2,0,8,1,0
513.9802417342275,116.58344550148944,2,0,6,0,0
469.39591336215074,108.17115271626123,3,0,14,2,0
583.8546240531398,84.74899667313329,3,0,4,0,0
713.9758477440948,139.15537982849253,4,0,19,1,0
646.060190739606,126.31395441625136,2,0,11,1,0
595.4138168068441,92.58528770484874,2,1,7,0,0
634.8697545345798,113.39590603676655,3,0,6,0,0
600.5898383181693,106.0915940488914,4,0,9,2,0
641.2948780414002,110.96709113669196,3,0,8,2,0
651.1269467748865,80.47404754276096,2,0,4,2,0
578.3687669007365,87.0230274139463,4,0,5,2,0
581.4248007804032,90.27666566817332,3,0,8,2,0
658.7920815013415,99.23469135011175,2,0,17,1,0
569.4297929934734,93.52222697633643,1,1,15,0,0
509.71489029819935,121.23103526443188,1,0,18,0,0
572.6133615157622,97.96238602802896,3,0,12,2,0
665.9459764758877,109.78224676806035,3,1,8,1,0
703.8507416703753,105.0493558626882,4,0,10,1,0
648.6582769294939,89.00817939220366,0,0,4,1,0
622.0128029044687,143.10667275574602,4,0,8,1,0
609.2740674816772,92.5650774703522,3,0,19,0,0
625.6354233743001,103.1354183274329,2,0,4,1,0
657.9744352113777,99.14502912976184,4,0,5,2,0
585.2281570760857,105.73209278321193,2,0,12,0,0
647.8750697965309,107.92135650510279,3,0,18,2,0
640.7081147538042,103.56768221160867,2,0,5,0,0
602.1569623203055,110.9289504412863,2,0,4,2,0
576.8451167407625,72.34809473713167,2,0,9,2,0
648.4270850551532,101.81869895918902,2,0,12,2,0
533.786746114312,86.32935100180771,3,0,14,0,0
638.3699945448873,89.46431344739621,3,0,8,0,0
651.2453513928347,124.80360035296823,2,0,7,1,0
632.7491835341771,85.38867732825521,2,0,12,0,0
643.3765266451309,110.78564577706358,3,1,19,0,0
715.1085749366306,90.34881253379076,1,0,17,1,0
653.6951761618267,92.6896028219961,4,0,10,2,0
676.6395473552732,118.3111881595707,4,0,19,1,0
574.5121006029768,59.03752637100948,3,0,7,0,0
544.9542331296251,133.79950466814537,2,1,11,2,0
675.5177403381729,86.6265186112245,4,0,7,1,0
515.942477849019,101.12195045054855,2,0,17,1,0
546.9035370574978,87.5296549058189,3,0,8,0,0
759.5764178959769,99.03436365083103,0,0,16,0,0
636.7855007002883,135.36248015262942,2,0,14,1,0
607.9462006603209,111.51076419335878,2,0,13,2,0
541.5089000006484,120.60060374058659,3,0,5,1,0
556.65169049202,107.30135348149625,1,0,8,1,0
603.8982291099827,95.96326684065555,2,0,15,2,0
635.906407970847,95.02842146638577,2,0,7,2,0
530.360770929146,79.59422671516467,3,0,20,1,0
608.2694933910952,134.6251870731621,3,0,14,2,0
710.9284023647331,70.92004457086682,1,0,12,0,0
539.1851585072504,97.45315863034013,2,0,15,2,0
697.6008984654588,104.6333385751073,3,0,4,0,0
581.4015413084861,91.07789902479493,3,1,17,1,0
651.5044926667288,85.48582445633794,3,1,11,0,0
516.7562052053245,89.69782379204118,3,0,18,0,0
574.4644160224778,117.34138372766876,3,0,20,2,0
659.9731908983533,78.97662579830364,2,0,7,1,0
717.5294973546274,73.42068144025575,1,0,7,0,0
608.5791105788721,131.5116296280864,2,0,14,0,0
597.3370500274353,87.60064331162981,2,0,15,2,0
538.2261681881142,68.90540333230095,1,0,5,0,0
577.7458980714003,101.46463429389425,2,0,8,1,0
660.60611350968,128.7339078890155,3,0,20,2,0
675.2282023293733,85.54170605823508,2,0,15,2,0
604.399778374995,115.53222234432758,3,0,13,2,0
574.7148539547454,73.69467790193482,3,0,18,2,0
587.4652395464353,60.48640866678767,2,0,8,0,0
630.1889640513007,120.31844053606116,3,0,16,1,0
540.2868745369774,140.7909619104531,2,0,15,2,0
640.0548051253766,100.14038795290152,4,0,20,0,0
590.6419282962553,105.3136604695606,3,0,15,0,0
626.0752927000249,94.01101717838615,3,1,10,2,0
606.5733983229748,101.263838843122,3,0,5,1,0
599.2849696768722,94.23923855844508,2,0,16,0,0
575.024783322409,87.14843576908602,3,0,19,2,0
562.5854646492802,103.94651761396639,3,0,6,2,0
658.538261191771,83.37048626842011,4,0,15,0,0
513.453678304083,140.1679953990036,4,0,6,1,0
635.3204499944582,112.88334883217797,2,0,6,2,0
560.1718868622326,47.94824515357072,3,0,15,0,0
741.6144440143621,123.30567298058972,4,0,19,1,0
546.4651471525431,69.81152484163425,3,0,5,2,0
510.05634203920204,69.96171611790295,5,0,18,2,0
560.4491790793357,82.61056818905463,4,0,6,0,0
517.1781073199962,75.67624678504228,3,0,8,1,0
641.5550536933105,115.61743704519625,2,0,16,0,0
660.3820401493222,64.89277245125264,3,0,18,1,0
638.2268638689976,67.02490157739058,2,0,10,1,0
545.0569983310535,82.98709566422312,1,0,11,1,0
599.2909739411722,65.08665231719272,4,1,9,2,0
68.7991731031818,1848.0801607387973,125,26,78,4,1
65.99562031542595,4.472423122194393,92,16,107,4,1
2023.5160536335907,1218.5955606307898,136,48,51,5,1
23.29240180726083,863.4657020182271,54,18,68,6,1
1625.762575271809,886.8620683253002,26,5,60,6,1
1546.528721258348,1123.1388258248585,90,41,84,5,1
2754.7768569824093,4.952465241862646,78,13,88,6,1
2165.2216390559024,1314.2671548504677,72,21,92,5,1
15.822084500363857,734.6242482181725,169,44,103,5,1
1959.1230069685096,3.977939410082419,27,12,110,6,1
2904.5234150879396,1.9907755024339986,100,31,52,4,1
38.403210095006976,0.7736543338705905,141,32,79,4,1
40.65746403190278,1339.5157556931408,76,27,80,6,1
2693.7098075591184,872.7059833575634,179,37,62,4,1
26.216497380339344,1349.7620622192276,142,46,102,4,1
2935.3543764833566,0.8321730938727163,140,20,97,4,1
2303.656973587365,1827.6361503942537,158,22,50,6,1
79.0751746732381,825.756353590659,169,11,95,5,1
25.555227217746324,1801.5428145304263,43,8,93,6,1
1454.7016833564692,2.9971283026759568,33,26,54,6,1
2455.6599314601553,0.13212268675893174,166,19,90,4,1
57.45979924234387,0.7147964952730973,85,27,91,4,1
1926.1249121266062,3.903889368526984,46,5,99,4,1
61.48992539596275,1661.4898270797687,47,20,98,6,1
1707.855628764,1102.6831287348755,135,50,69,6,1
35.60835346839958,3.8474789465282493,192,35,94,5,1
61.74666852285912,4.737456259102157,161,50,105,6,1
2430.8170551115045,2.736550683528525,165,37,106,4,1
2036.390353843967,1145.812876010562,67,9,92,5,1
32.56824444400252,827.6931895260032,119,26,114,5,1
33.35106828793519,1881.8838133742443,22,43,111,4,1
2042.0195060540773,1704.356269250571,89,36,102,5,1
2775.8451448426968,1368.8474533149706,144,24,115,6,1
2322.507133883606,1777.762246598618,74,21,98,5,1
2954.9711713859733,1023.3931433527222,115,32,115,4,1
63.369611609674514,542.2521973516077,191,20,111,4,1
1813.278676388883,4.274543040591899,188,43,106,6,1
73.36990367389878,3.167606098154562,134,44,87,4,1
1597.7350493697904,0.6580876474117225,197,45,101,5,1
72.02308661567233,1.2440861555094451,50,40,90,4,1
2368.4628153351114,1219.9241292203824,150,41,89,6,1
87.2478125778211,958.7245754497582,22,9,56,6,1
78.63501054827029,1441.634744388426,108,40,120,6,1
43.02220712124746,1951.1941306193403,70,38,119,6,1
72.94414619004593,1.8918021198290789,30,15,98,4,1
16.317993101519477,0.9650946866386015,24,21,51,6,1
17.16941520474122,1.7667493528895428,133,8,87,6,1
2919.0134681142,1260.0426767532124,75,32,80,6,1
2366.563870081634,0.5698860030182804,137,6,79,4,1
25.985463869066272,2.797789718626764,131,50,108,6,1
45.31296202259068,818.4567009543118,155,41,65,6,1
2982.0665902031014,1826.3715756411589,75,46,99,6,1
2193.1217367398494,1916.2716955016647,125,30,102,5,1
19.082229408545135,1467.5166443009484,142,24,70,6,1
2581.2744902795293,1934.058494854872,135,25,117,6,1
61.440638932372146,3.3096639588735552,59,11,101,5,1
1914.5028129787952,533.8548893888868,131,17,93,4,1
1682.1457294741545,4.174638049457565,131,13,81,5,1
1792.7426221607348,3.1701492879345636,87,46,84,6,1
2330.404152117092,4.817165632680507,191,15,68,6,1
1669.3203403302364,1663.8240171128418,144,19,59,5,1
93.07281818446013,4.009686751812942,86,34,104,6,1
35.96711506983725,3.2089159299778527,80,15,58,4,1
41.02686982894747,1718.4982556795803,165,7,83,5,1
10.20750212314431,3.6281031284227643,93,30,55,5,1
1665.8206866642615,1009.0708471916059,147,50,85,6,1
1564.8668966838454,1319.1142142658418,48,45,70,6,1
75.67190940156044,534.9177641567572,141,33,89,4,1
64.2828487193165,0.5478038934334225,30,33,69,4,1
1400.000707156963,1550.1864364861767,70,37,63,5,1
31.640087054866996,4.5433483754774375,177,16,110,6,1
97.7712781053722,0.910912444970433,77,10,61,5,1
2360.4678568888644,540.3021933814662,79,10,66,4,1
72.95266547293555,1.9161477480581404,106,20,69,6,1
2282.3087834340868,3.9671605286606373,160,43,68,4,1
43.66550789319732,833.2028628563316,55,5,85,6,1
1574.397794059146,2.917200001325261,93,26,54,5,1
15.330305245040849,3.698678388445649,57,49,111,6,1
71.43294145259352,2.345573862661277,162,31,65,5,1
1737.4727831234484,1.4694836746090019,63,10,108,6,1
2662.2655410834586,682.7879978842662,31,17,51,6,1
1698.9737928592922,3.38041710119598,179,13,60,6,1
2369.4584856074043,1596.9666746031794,180,8,64,5,1
57.62380319950656,1401.8721522709425,61,23,119,4,1
2431.8621205165523,4.25157455513844,89,47,91,6,1
90.65113299666679,1.9977384616587848,83,17,87,6,1
2243.9399560464817,4.226656019620509,80,36,104,5,1
77.33564385830861,2.83527398583004,173,17,119,6,1
1917.7247847543213,577.6329954436335,134,9,112,5,1
45.85732792030803,1740.737435744946,70,41,65,5,1
35.528445882397804,0.7665482237041352,64,46,105,5,1
50.18672002334941,1481.1135793857584,189,5,104,6,1
59.142726244722276,585.7132729349992,109,47,85,5,1
1935.4771420038342,4.456010778691657,39,9,116,6,1
65.3415411601992,4.548360477604381,131,14,99,4,1
2817.597252570968,784.8935830449444,31,34,61,4,1
2530.8349213154006,1387.666978030108,95,29,67,6,1
1899.088556858495,815.1331995157414,141,10,60,6,1
62.64537405998448,0.835047229075762,184,16,98,4,1
24.13351966848324,1582.9170068675553,62,22,85,6,1
14.560124540177977,1530.9512951267604,44,34,101,4,1
2308.9837290476776,1.2994291321762916,160,43,50,4,1
2390.4500304467133,1.8837566570219788,55,48,98,6,1
2246.6082596646893,1129.7297130501797,44,37,71,4,1
62.71481407778667,1396.5880621404322,182,14,97,6,1
1574.8604817811774,0.1480028633049998,77,35,80,6,1
1870.497010932226,1767.6493464949813,66,15,72,4,1
40.00595558386759,778.6625764044941,48,35,101,5,1
2681.4730238906486,970.7601785900864,193,45,101,4,1
79.49445978203704,0.16107338584243924,42,12,81,6,1
1941.9165191987836,0.8662032885222934,179,38,81,6,1
95.57712830980272,1.2569121643431354,71,30,111,4,1
2920.5141400055973,1344.331193362374,129,26,56,4,1
2725.6939684053705,1.4637875898734893,33,18,91,4,1
2933.359610410337,2.9883086217961456,182,49,56,4,1
2969.131814141334,1.1102514089276099,63,15,100,6,1
2098.8945961458194,964.7385085659646,113,8,76,5,1
78.24495611838583,4.313484433583788,159,44,57,6,1
2373.8579663198825,1718.8361308789974,130,45,53,5,1
36.11932901378368,1055.7474082525944,56,30,98,5,1
2029.8791513375731,983.7921346397268,149,17,98,5,1
72.67402001097152,1894.384746704827,144,25,117,5,1
2122.8505430406512,0.10535555007050934,53,31,112,5,1
28.202826881907036,1359.2708429242236,65,12,109,6,1
93.52172955811609,2.6050381875253947,131,11,109,6,1
2771.3915622074073,938.469222691283,103,16,53,5,1
1647.1474994942946,716.8229324097925,127,24,55,6,1
2501.231472063215,1308.3985998684389,71,44,63,5,1
80.51731944301791,0.377659079769744,187,20,99,6,1
15.120276903819812,561.1798001701508,196,12,102,5,1
2115.191087712916,2.6325612574199986,146,42,88,4,1
71.35983861273718,1627.8770153419166,156,13,60,4,1
86.22418140136435,4.6081634016127335,158,49,107,6,1
2130.1167514269996,1475.805244077712,138,19,113,6,1
2410.1615287255254,1274.1297644815356,59,36,83,4,1
49.55836328248459,3.1531900825467107,101,20,88,4,1
1525.6128309710218,1764.7573771397729,132,21,62,5,1
1754.670767908679,623.5358837471842,32,44,109,4,1
63.361170362566405,0.19102302617432312,146,47,64,6,1
2157.12057709858,1607.5511983903978,31,9,100,5,1
2658.6760779164133,0.5265278460825844,187,12,114,6,1
10.801127119728966,506.35543181017044,146,16,79,5,1
60.174573973699644,1822.200807462062,31,18,99,6,1
16.053449008360857,3.25177319269721,195,5,111,6,1
66.17125974190091,1446.7417380583058,175,7,118,4,1
19.397194207721405,547.0335208905012,72,22,109,4,1
1761.8538301556084,896.2709679426753,95,29,65,6,1
2027.3756026049195,3.5404533850017237,30,28,97,5,1
87.86482310096086,2.327299216350239,27,47,118,4,1
10.912608118265574,1.601183490539479,105,31,107,5,1
